name,email,mobile,salary,password
Shawn Conway,amandaharper@mcbride.biz,5687914886,74426.76,%Nt^6vBpv*
Kaitlin Hicks,robinlewis@davis-williams.com,2016501588,146514.19,n9)W_mDz&U
Dennis Smith,sarah05@howard-salinas.com,4759045244,37016.74,lW^&f3*c(0
Valerie Hardy,cduffy@hoffman.com,9985578621,146361.2,a0UsNzMS!v
Timothy Shannon,thomas48@aguilar-frazier.com,7146039605,45791.52,y2^g2GXa#N
Alice Smith,clayronald@yahoo.com,1373108918,20382.83,9TaO8zhYn*
Michael Hodges,comptonjonathan@ramirez.biz,6361933430,57184.36,(p#Tj%sCK1
Stacey Vargas,teresajackson@pierce-mathews.com,9894370208,32492.26,x4TiAG#6#%
Austin Thomas,iwilson@gmail.com,7065132082,76258.77,H@2i44Ptod
Virginia Rivers,joshuadean@yahoo.com,5644895565,104830.29,zyFOyPCe#3
John Harris,robin07@yahoo.com,3765560467,53108.03,e0OCZe&Q)6
Elizabeth Moran,castrojoanna@gmail.com,1193308414,106703.88,RnT7wSMs(*
Timothy Silva,zbaker@morris.com,8040959710,82921.34,)Z_70E_t9Y
Christopher Mason DDS,gene45@hotmail.com,7386269953,87641.79,eDg7XQ4a^+
Michelle Hill,gardnermichael@tate-holloway.com,9120841161,47099.09,)3aW5NOkZ@
Kim Glenn,danielfranco@hotmail.com,8162473301,52470.48,F8tr9uab+6
Alex Schwartz,katelyn61@thomas.com,2763314913,68125.78,t8(P(#Au$6
Seth Andersen,charles43@riley-johnson.info,3325244836,125997.54,@_A&)8Ar+&
Stephanie Rodriguez,kyle97@morris.net,5037889060,104334.27,SQ6pXL7c$T
Tammy Padilla,ugarcia@mcgrath.com,1499956380,35209.02,YCNN9dDjn@
Amanda Webb,shermanashley@hanson.com,3495331735,48200.17,p78D8fO3_R
Sandra Figueroa,chansen@gmail.com,6864377384,35335.25,)HO%xCNd1O
Cassandra Taylor,mckinneykathleen@parks.org,3491210333,53391.01,*d^kNl%%P7
Angela Moore,butlererik@sullivan-williams.net,3157342578,133228.52,*%+X$7Wr_S
Brandon Callahan,lnguyen@yahoo.com,6461156763,95027.79,evq4SLxT!8
Donald Williams,jason88@gmail.com,6561621012,40476.38,x9VH#zUd_3
David Villa,zpowell@gmail.com,4047060324,128257.09,nc42Lw76s&
Kristin Morales,gmunoz@thomas.net,4239857417,29371.75,Bc2KvILg)d
Brian Romero,cordovalindsey@howe.com,4817031751,120174.23,&@5(Jt@jiN
Miranda Mcintosh,jacquelinecampbell@harrison.org,4444333158,99310.42,Op(6h4Mt#3
Darlene Valencia,lindseymurphy@yahoo.com,1124758618,53065.33,*2OzRZkuVL
Rachel Bradley,williamwilliams@gmail.com,9043676735,37146.96,@A^Z4VZi5k
Thomas Perry,stephen10@brewer-king.net,9813635507,43578.0,pnl7UBoH(d
Thomas Reed,jhensley@gmail.com,1201591536,122364.07,!4PG3E*irx
Chad Lopez,cathy45@adams-gomez.com,8426455303,58704.28,+zO0WaOw!V
Craig Scott,trodriguez@russell.com,2079274603,117636.79,L%_0ZioehY
Juan Taylor,shane40@lyons.com,3138646500,26572.11,*S1Di!*2^F
Kelly Dickerson,sarah50@evans.com,6960619752,24160.48,F1PCW_Xt+K
Lacey Brown,jacksonderek@thompson.com,6184513545,136121.78,P%Nw9PGbqx
Jason Adams,timothymoss@hotmail.com,4996930219,131401.74,rp1^cGyt+#
Anne Young,katherine49@oconnell-price.info,7514635961,99453.34,#kAdPGzFy2
Elizabeth Johnson,ujacobson@duffy-grimes.com,6099365577,116013.0,(YQyHlJ39z
Benjamin Taylor,greenkayla@gmail.com,9494009514,75328.44,OkL2AR$a&M
Christina Ryan,robinsonkimberly@garcia-collins.com,1170887521,130966.04,&+6P7d8dS4
Paul Mckee,cruzkaren@webster.biz,2695110143,135324.04,^eQF2siY23
Scott Robinson MD,justin44@gmail.com,5033939400,116457.51,#KAv(tJoD9
Matthew Dixon,sjohnson@sampson.biz,4570994264,120303.32,&4EW0Bx#lG
Deborah Harrison,morganfrancisco@griffin.biz,4548531095,139724.66,+mEVyWu&9c
Mark Romero,wilsoncalvin@howard.com,4458361940,23657.2,^0T6WrPz6q
Dennis Camacho,houstonmatthew@benitez.org,2658410003,126691.55,Lo5ue4Hc%*
Philip Edwards,patrick43@hotmail.com,2028282089,79155.53,!+&sjUc$N9
Michael Peterson,wagnerjane@hotmail.com,8813172430,98754.62,&6QWU!^mwp
Rodney Goodwin,christopher31@charles-kelley.com,6879522776,60872.61,2esPnBEh%3
Nicholas Adams,michaeltodd@yahoo.com,3866961617,63331.57,!H2jFZxw^^
Charles Gray,heather07@ramirez.com,2106916526,129333.17,C6ta%yDf$U
Matthew Preston,nathanmccoy@hotmail.com,3277774816,47760.48,g^*D7eWtmd
Kristin Lowe,sarah06@yahoo.com,3723539099,132273.44,F*n7)eglsO
Kayla Burnett,ihoward@patel-schultz.biz,7040677039,56646.73,pL(Q0dTmJ4
Lauren Munoz,john55@hotmail.com,4171244916,97321.71,x+8b!Ws$&G
Jennifer Escobar,scaldwell@kent-reed.com,6559347380,88017.6,v0+ezX6u*+
Michelle Lowery,ejohnson@yahoo.com,8226800432,101075.6,l+%0SHu7Bw
Abigail Martinez,tammie35@walters-richards.com,3534051263,114665.5,ZZI8PsJl(3
Karen Dudley,michael91@hotmail.com,7929981262,81069.9,7g0YjdWl5%
Christina Cameron,qmercado@gmail.com,5759302299,89134.29,cOM!*zxQ(8
Natasha Sullivan,emartin@yahoo.com,7565122987,106819.29,0fr@4O(j_%
Gerald Daniels,ann42@hotmail.com,4769139332,40072.5,!838cY1vg5
Steve Long,jennifer63@hotmail.com,1570989285,55136.39,y2(*YPcq_l
Ann Jones,daniel84@salinas-estrada.com,2990240964,64683.09,4_c1K7bKOA
Sandra Soto,wrogers@hotmail.com,3806994807,113427.63,lq494V4o6)
Samuel Lynch,mporter@peterson-brown.com,8359642237,20373.15,Vz+6APCm&Z
Francisco Jones,garciakimberly@montgomery.org,1148147156,116619.24,M4xJ7ObE_j
Brianna Sanchez,robertjackson@hotmail.com,9377422048,122936.15,$EREOjMoe2
Kaitlyn Wood,michael67@gmail.com,3047954804,89814.46,$9BVWgKWc4
Kaitlin Hall,townsenddana@yahoo.com,2178355465,130834.38,%6Kqu#dfD&
Matthew Williams,clin@gmail.com,7442470397,133818.99,72vSKssp(p
Miss Amy Gardner,jessicagarrison@hotmail.com,7470574480,25344.68,0wXlzFn$&v
Michael Cross,angela46@evans-patel.org,8372235092,21316.89,jQXW0SiX#@
Stacey Foley,gbryant@webb.com,4648026596,146086.29,G8$FN*gZ#o
Mr. Jeremiah Harris,robertwebster@smith.biz,2109128236,27925.26,_sxhfPUz9k
Ashley Collier,anita49@murray.biz,9823094897,115652.97,&@74gDsHec
Gregory Davis,milesdawn@estrada.com,8640537746,139770.04,S91M&7mW%P
Michelle Wolf,ehernandez@brown.org,6418545456,133676.45,%1YnaiK33B
Jasmine Burke,stephenball@hardy-reed.com,5375798357,32424.97,JW&1AgB8S0
Jeffrey Rodriguez,dharmon@gmail.com,4826832126,127698.87,_n3hF8hx@5
Sarah Ritter,kathleen82@carlson.net,7032107764,123835.26,t&5J@*jt^z
Brian Phillips,dwood@hotmail.com,7559270152,29273.74,!qAq3F1!9x
Charles Blair,robert38@myers.org,3293111527,143663.63,e^_F6IywoV
Erika Oliver,andrewellison@campbell.org,4421597967,131931.4,YtCnqgFr@3
Tanya Mora,isanchez@mcknight-lopez.com,7583679657,70030.44,!h17KdvM^s
Ashley Porter,juliejacobson@wyatt.com,7864683969,50870.51,q9wWqiOb$s
Anthony Grant,yjones@yahoo.com,7896974902,144227.57,#)H0Lr3ioR
Ashley Schmidt,jerryscott@gmail.com,8665262808,48373.23,9sfUZqpu)!
Nicholas Pena,lchambers@hotmail.com,6447760146,66666.03,%$og3RUdOQ
Anne Jones,jacquelinefisher@garcia.com,2543345821,34476.52,Rh7#GDlpn%
Stephen Shepherd,cory49@miller.com,2081996561,137748.23,2L*PVodi$1
Steven Baker,barnestammy@wilson.com,9528258612,71301.33,SQSD47Wg%1
Robert Allen,angelagreen@frazier.com,5265538189,118387.48,DPGsyWYj&6
William Smith,gbarnett@burns.com,4493338709,54665.26,@VCngc@l9d
Timothy Williams,cassandramathews@gmail.com,4861285432,144028.57,9Z0NeVgB#b
Michael Horton,kingcourtney@gmail.com,5321920066,70928.99,(7$T)M&cKA